event_id,student_id
40,00101292
40,00102954
40,00101037
40,00103269
40,00100841
40,00103814
40,00101652
40,00103089
40,00101549
40,00102066
40,00103347
41,00102954
41,00101037
41,00103269
41,00102779
41,00100372
41,00103377
41,00103814
41,00101652
41,00103347
41,00104912
42,00102954
42,00101292
42,00104079
42,00103347
42,00103459
42,00102176
42,00102779
42,00103461
42,00100841
42,00103089
42,00102066
42,00103269
42,00103064
42,00100973
42,00102318
42,00104912
42,00103652
42,00103377
42,00103814
42,00101652
42,00101549
42,00100372
45,00102861
45,00101204
45,00101555
45,00101693
45,00103798
45,00103506
45,00101252
45,00102840
45,00102067
45,00105243
45,00101274
45,00101711
45,00103072
45,00103646
45,00100477
45,00100701
45,00105129
45,00101246
45,00104131
45,00102133
45,00101122
45,00102580
45,00100461
45,00101925
45,00103947
45,00103014
45,00100415
45,00102631
46,00101122
46,00102067
46,00101873
46,00102580
46,00101204
46,00100701
46,00100168
46,00100200
46,00100615
46,00103014
46,00103506
46,00101071
46,00100411
46,00101246
46,00103072
46,00102840
47,00103248
47,00100618
47,00100477
47,00101903
47,00100701
47,00101555
47,00102853
47,00105243
47,00101693
47,00105129
47,00103513
47,00100415
47,00101246
47,00103072
47,00102840
47,00103601
47,00104131
48,00103248
48,00100269
48,00102684
48,00100477
48,00100168
48,00102580
48,00101204
48,00101925
48,00104683
48,00103393
48,00104620
48,00103506
48,00100415
48,00100411
48,00102394
48,00104131
48,00103646
49,00102853
49,00101903
49,00101555
49,00101204
49,00104305
49,00101693
49,00101237
49,00103798
49,00102603
49,00102718
49,00102840
49,00100615
49,00102067
49,00102495
49,00103513
49,00101274
49,00104145
49,00104414
49,00103646
49,00103248
49,00100618
49,00100269
49,00103908
49,00103885
49,00101246
49,00101729
49,00101290
49,00102133
49,00102684
49,00100461
49,00103572
49,00102577
49,00103014
49,00100415
49,00101440
49,00100411
49,00103203
49,00104683
50,00103158
50,00102861
50,00100813
50,00102840
50,00100615
50,00102067
50,00104579
50,00103393
50,00103513
50,00101711
50,00104414
50,00100269
50,00103269
50,00101702
50,00101071
50,00101290
50,00101873
50,00101122
50,00101906
50,00103729
50,00104075
50,00104906
50,00104683
51,00101555
51,00101925
51,00103133
51,00101274
51,00104505
51,00102840
51,00104683
52,00103158
52,00103832
52,00102314
52,00105040
52,00102840
52,00104731
52,00100615
52,00103755
52,00102495
52,00101711
52,00100878
52,00103072
52,00103646
52,00100618
52,00100701
52,00100505
52,00101246
52,00101729
52,00101290
52,00104566
52,00104131
52,00102684
52,00103826
52,00103572
52,00104996
52,00103736
52,00102631
52,00103203
52,00104683
53,00103158
53,00101415
53,00101328
53,00102603
53,00104125
53,00103258
53,00103755
53,00105243
53,00101274
53,00101711
53,00101300
53,00103646
53,00103191
53,00100701
53,00105129
53,00103885
53,00101071
53,00102684
53,00101122
53,00101925
53,00103572
53,00104918
53,00103947
53,00104798
54,00102001
54,00104771
54,00100477
54,00103729
54,00103269
54,00101550
54,00105099
54,00103506
54,00101071
54,00101440
54,00104717
54,00104414
54,00101290
54,00103601
55,00102001
55,00103832
55,00102853
55,00102861
55,00101415
55,00101662
55,00101053
55,00104731
55,00102067
55,00101711
55,00104414
55,00104101
55,00104035
55,00100461
55,00103572
55,00104479
55,00104155
55,00104906
55,00101455
56,00100196
56,00103158
56,00104155
56,00101555
56,00100877
56,00103172
56,00102495
56,00101246
56,00103619
56,00101517
56,00104101
56,00101711
56,00101300
56,00101290
57,00104771
57,00100727
57,00103832
57,00102853
57,00101204
57,00103006
57,00100865
57,00103297
57,00101252
57,00102840
57,00101715
57,00100128
57,00104717
57,00100477
57,00101482
57,00100584
57,00100505
57,00104101
57,00101246
57,00102631
57,00103203
57,00101455
58,00101555
58,00101415
58,00102314
58,00105040
58,00102110
58,00105243
58,00104298
58,00102491
58,00103601
58,00103425
58,00100584
58,00102502
58,00104334
58,00105129
58,00101702
58,00103181
58,00104505
58,00102326
58,00101873
58,00103826
58,00103778
58,00104479
58,00100411
58,00104906
59,00103826
59,00103006
59,00101925
59,00102821
59,00103584
59,00100505
59,00103798
59,00104620
59,00102530
59,00103736
59,00104125
59,00103072
60,00104906
60,00102861
60,00103172
60,00100128
60,00101517
60,00103072
60,00105260
60,00103226
60,00101406
60,00103390
60,00103269
60,00100461
60,00102577
60,00103491
60,00104479
60,00101440
60,00104155
60,00103203
60,00100056
61,00102001
61,00103158
61,00101903
61,00101550
61,00102603
61,00104125
61,00101053
61,00101263
61,00100429
61,00103532
61,00100251
61,00103083
61,00105260
61,00104431
61,00103619
61,00100505
61,00105099
61,00103181
61,00104505
61,00104359
61,00101729
61,00103778
61,00102106
61,00101440
61,00100411
61,00101855
61,00104844
62,00104131
63,00101394
63,00104960
63,00100887
63,00101716
63,00104548
63,00103495
63,00104362
63,00104060
63,00104571
63,00101607
63,00100335
63,00102484
63,00101853
63,00101201
63,00101885
63,00100228
63,00103673
63,00105238
63,00104594
63,00103691
63,00100797
63,00103947
63,00105217
63,00101111
63,00102797
64,00101853
64,00101201
64,00103493
64,00103673
64,00104060
64,00104960
64,00105238
64,00101237
64,00103947
64,00102933
64,00100773
64,00101866
64,00100652
64,00101111
64,00103495
64,00102797
64,00104362
65,00101885
65,00100228
65,00103493
65,00103848
65,00100797
65,00104571
65,00100192
65,00102933
65,00104631
65,00102165
65,00101607
65,00102600
65,00101111
65,00103495
65,00101093
66,00101394
66,00100001
66,00104548
66,00103887
66,00104060
66,00102804
66,00100192
66,00101607
66,00101711
66,00100335
66,00104631
66,00101630
66,00104793
66,00103662
66,00100773
66,00102165
66,00104719
66,00102600
66,00100652
66,00101866
66,00101201
67,00100228
67,00101394
67,00104886
67,00100192
67,00100797
67,00101630
67,00105238
67,00102487
67,00103947
67,00102933
67,00103662
67,00100999
67,00103741
67,00103168
67,00101845
67,00102484
67,00104362
68,00102983
68,00103493
68,00102614
68,00105085
68,00100192
68,00101237
68,00102893
68,00100773
68,00104719
68,00103168
68,00101201
69,00103493
69,00105085
69,00100808
69,00101550
69,00103495
69,00104362
69,00104358
69,00102686
69,00104289
69,00102933
69,00100999
69,00103741
69,00101711
69,00101853
69,00103710
69,00103445
69,00101247
69,00102600
69,00100652
69,00100797
69,00101111
70,00101292
70,00101394
70,00101237
70,00101550
70,00104630
70,00100409
70,00101716
70,00101493
70,00102487
70,00102804
70,00104571
70,00104040
70,00100714
70,00100999
70,00102974
70,00102482
70,00103445
70,00105238
70,00104594
70,00102600
70,00101747
70,00102374
70,00102614
70,00100797
70,00101866
71,00102983
71,00101394
71,00101555
71,00105085
71,00104557
71,00101237
71,00104630
71,00100409
71,00102709
71,00101845
71,00102056
71,00104358
71,00100714
71,00103741
71,00102266
71,00104144
71,00101924
71,00103445
71,00101630
71,00102893
71,00103168
71,00102600
71,00100652
71,00104325
71,00102114
71,00101747
71,00102823
71,00102374
71,00103848
71,00105217
71,00101519
71,00104166
71,00101201
72,00101292
72,00103493
72,00100808
72,00103909
72,00101093
72,00104957
72,00104358
72,00102804
72,00102686
72,00102487
72,00102933
72,00100999
72,00103741
72,00101885
72,00103673
72,00105238
72,00101109
72,00104077
72,00102770
72,00102165
72,00103997
72,00100652
72,00104623
72,00101911
72,00104274
72,00104118
72,00103054
72,00101519
72,00101111
73,00100914
73,00101493
73,00100192
73,00102686
73,00102487
73,00100121
73,00101607
73,00102918
73,00101459
73,00102482
73,00105209
73,00102893
73,00103997
73,00100741
73,00103691
73,00100797
73,00103947
73,00100608
73,00101866
73,00101582
73,00101201
74,00101873
74,00102983
74,00105209
74,00104060
74,00102991
74,00100192
74,00102121
74,00101607
74,00103395
74,00104362
75,00101885
75,00101555
75,00101699
75,00103947
75,00102035
75,00103495
76,00102893
77,00105217
78,00103938
78,00103582
78,00105227
78,00101315
78,00103649
78,00101273
78,00102098
78,00101286
78,00103484
78,00100985
78,00103865
78,00105007
78,00101533
78,00104115
78,00102750
78,00102330
78,00103921
78,00102870
78,00104117
79,00103649
79,00103924
79,00103938
79,00101986
79,00105227
79,00101286
79,00103921
79,00101511
79,00101164
79,00103484
79,00102870
79,00105122
79,00100985
79,00104115
79,00102750
79,00104117
79,00101759
80,00103649
80,00102330
80,00103938
80,00102837
80,00105080
80,00102098
80,00102325
80,00101986
80,00100750
80,00103865
80,00104115
80,00105122
80,00101434
80,00101759
81,00101315
81,00103248
81,00103924
81,00102840
81,00101286
81,00102325
81,00104115
81,00105241
82,00102608
82,00101482
82,00101511
82,00103600
82,00101533
82,00101164
82,00103484
82,00104945
82,00104821
82,00101986
82,00102750
82,00104117
82,00101759
83,00102608
83,00103924
83,00103582
83,00104821
83,00105227
83,00100750
83,00101164
83,00100985
83,00103865
83,00101434
83,00101759
83,00101482
83,00102033
83,00102735
83,00104945
83,00102846
83,00101547
83,00100738
83,00102870
83,00101923
83,00100283
83,00100292
84,00100738
84,00102837
84,00102098
84,00101495
84,00101822
84,00104125
84,00101077
84,00103484
84,00100750
84,00105241
85,00103938
85,00101495
85,00101273
85,00101286
85,00102098
85,00103484
85,00103867
85,00100434
85,00104028
85,00104030
85,00102750
85,00102330
85,00100738
85,00105115
85,00102870
85,00100292
85,00100826
85,00103203
85,00104117
86,00102330
86,00105224
86,00100916
86,00101913
86,00100446
86,00100434
86,00105122
86,00102870
86,00102724
86,00102325
86,00101986
86,00100671
86,00103203
86,00105241
86,00104117
87,00103938
87,00102943
87,00101164
87,00104632
87,00104821
87,00105227
88,00102330
88,00105224
88,00101511
88,00103582
88,00102735
88,00103749
88,00100232
88,00100011
89,00101273
89,00102724
90,00100693
90,00101504
90,00103494
90,00102402
90,00102495
90,00102441
90,00100468
90,00103521
90,00103438
90,00102893
90,00100379
90,00102718
90,00100517
90,00104340
90,00102663
91,00100661
91,00101504
91,00103494
91,00102402
91,00102441
91,00104453
91,00100379
91,00102893
91,00104165
92,00101292
92,00104453
92,00104165
92,00101449
92,00102663
92,00103494
92,00102495
92,00100143
92,00100517
92,00101355
92,00102038
92,00100661
92,00102441
92,00100468
92,00103438
92,00102893
92,00100095
92,00104340
92,00104629
92,00100693
92,00103959
92,00103521
93,00101355
93,00100693
93,00102796
93,00100720
93,00100131
93,00103494
93,00104629
93,00104398
93,00100914
93,00100468
93,00104453
93,00103537
93,00100095
93,00100517
93,00104165
93,00104340
93,00102663
94,00100689
94,00105113
94,00102402
94,00104629
94,00104653
94,00103959
94,00104687
94,00104453
94,00101213
94,00103438
94,00103537
94,00100095
94,00104938
94,00104340
94,00102663
95,00104314
95,00103999
95,00102038
95,00100661
95,00101504
95,00105204
95,00104653
95,00102652
95,00102718
95,00104340
96,00103999
96,00103525
96,00100661
96,00100131
96,00104486
97,00102441
98,00100675
98,00104330
98,00100879
98,00102501
98,00105150
98,00102357
98,00102387
98,00101053
98,00101300
99,00104330
99,00100952
99,00100879
99,00102501
99,00104194
99,00102986
99,00101053
99,00105150
99,00102836
99,00102221
99,00101300
99,00104661
99,00100675
99,00101406
99,00102387
99,00103497
99,00104889
99,00102357
99,00104532
100,00100952
100,00100879
100,00102501
100,00104848
100,00102986
100,00101850
100,00102129
100,00105150
100,00105247
100,00102177
100,00102836
100,00104288
100,00101300
100,00104661
100,00100675
100,00102387
100,00103801
100,00102357
100,00104532
101,00100952
101,00100811
101,00102986
101,00101850
101,00102234
101,00104218
101,00105247
101,00102177
101,00102624
101,00104288
101,00104343
101,00102221
101,00101300
101,00101406
101,00103022
101,00102387
101,00100738
101,00103801
101,00104889
102,00102234
102,00103368
102,00103801
102,00101406
102,00102501
102,00102873
102,00104202
102,00102779
102,00103022
102,00100811
102,00104288
102,00104343
102,00102986
102,00100095
102,00101053
102,00103083
102,00101850
102,00100268
103,00103368
103,00104330
103,00104889
103,00105067
103,00105123
103,00104661
104,00103649
104,00102158
104,00102501
104,00101936
104,00102177
104,00104343
104,00101433
104,00105233
104,00104288
104,00105067
104,00102387
104,00104532
104,00104661
104,00101850
104,00105001
105,00103649
105,00105031
105,00103801
105,00104848
105,00105150
105,00102221
105,00101290
105,00102394
105,00103083
106,00103801
106,00102501
106,00102129
106,00102873
106,00103022
106,00104145
106,00101525
106,00104343
106,00103375
106,00101997
106,00104532
107,00104568
107,00100675
107,00104330
107,00102387
107,00103889
107,00100237
107,00105150
107,00103022
107,00100705
107,00102221
107,00102986
107,00100095
107,00104532
107,00101747
108,00104848
108,00102943
108,00101997
109,00104874
109,00100258
109,00102226
109,00101278
109,00104172
109,00102632
109,00102594
109,00100215
109,00102419
109,00104772
109,00102002
109,00102805
109,00100359
109,00101138
109,00102483
109,00105012
109,00100144
109,00100512
109,00100933
110,00102805
110,00104874
110,00100258
110,00104021
110,00102419
110,00100144
110,00104772
110,00102226
110,00101138
110,00100714
110,00101143
110,00105176
110,00100512
110,00104228
110,00103002
110,00100215
111,00101005
111,00100697
111,00104172
111,00102632
111,00102594
111,00103954
111,00102419
111,00104772
111,00100714
111,00102002
111,00102805
111,00103654
111,00101138
111,00102388
111,00104077
111,00101143
111,00104228
111,00105012
111,00100415
111,00102423
111,00100933
112,00100609
112,00104021
112,00100697
112,00102388
112,00101262
112,00102740
112,00104077
112,00102303
112,00100909
112,00101278
112,00102632
112,00100512
112,00100933
112,00104228
113,00104874
113,00100258
113,00100697
113,00104172
113,00101265
113,00102130
113,00100215
113,00104021
113,00100714
113,00103293
113,00103654
113,00100359
113,00105190
113,00100909
113,00101128
113,00103689
113,00104392
113,00100144
113,00100415
113,00100933
113,00103273
114,00102806
114,00100609
114,00104303
114,00102740
114,00104172
114,00103954
114,00102419
114,00103081
114,00104772
114,00101262
114,00102599
114,00103407
114,00103654
114,00103209
114,00100909
114,00103405
114,00101883
114,00100415
114,00100933
114,00103002
114,00103273
115,00100258
115,00104001
115,00100361
115,00101867
115,00102740
115,00101265
115,00102130
115,00104953
115,00103954
115,00103293
115,00102096
115,00102599
115,00102805
115,00101138
115,00105190
115,00102483
115,00104077
115,00101143
115,00100669
115,00105012
115,00104566
115,00101873
115,00101128
115,00100144
115,00103082
115,00100219
115,00102423
116,00104303
116,00102226
116,00101867
116,00101154
116,00104172
116,00102594
116,00102130
116,00100337
116,00100870
116,00103293
116,00100472
116,00103056
116,00101138
116,00100359
116,00102388
116,00102542
116,00103405
116,00101128
116,00102166
116,00103433
116,00100415
117,00104874
117,00103689
117,00104077
117,00102542
117,00104740
117,00103567
117,00102538
117,00104228
118,00101128
118,00101005
118,00101883
118,00104228
118,00101069
118,00100925
119,00100401
119,00104303
119,00103082
119,00103293
119,00103405
119,00103502
120,00100401
121,00103407
121,00100366
121,00100462
121,00105176
121,00102594
121,00100933
122,00100258
122,00104874
122,00104001
122,00102913
123,00103425
123,00101090
123,00103258
123,00105209
123,00102003
123,00104699
123,00104507
123,00101630
123,00100554
123,00104194
123,00102328
123,00103137
123,00104945
123,00102172
123,00101794
123,00100623
123,00105111
123,00103903
124,00104699
124,00104507
124,00102232
124,00104453
124,00105111
124,00103258
124,00102328
124,00100623
124,00101822
124,00103425
124,00101090
124,00102973
124,00101704
124,00102003
124,00101630
124,00102926
124,00103137
124,00102172
124,00104945
124,00105239
124,00103903
124,00105071
125,00104699
125,00104507
125,00102232
125,00101116
125,00104495
125,00102784
125,00105111
125,00103592
125,00103270
125,00102328
125,00100623
125,00101822
125,00101704
125,00105209
125,00102003
125,00100554
125,00101630
125,00104945
125,00103974
125,00105239
125,00101921
125,00103435
126,00101921
126,00101704
126,00102202
126,00104507
126,00103436
126,00104194
126,00103137
126,00102784
126,00104573
126,00104616
126,00105239
126,00105111
126,00102840
126,00103903
127,00103120
127,00104495
127,00104453
127,00102784
127,00101265
127,00105111
127,00103270
127,00102105
127,00102328
127,00104616
127,00101469
127,00102973
127,00102805
127,00105209
127,00102926
127,00101931
127,00103137
127,00103800
127,00105071
128,00104507
128,00102232
128,00101116
128,00102829
128,00103194
128,00104573
128,00102784
128,00103592
128,00102840
128,00102328
128,00100499
128,00103436
128,00102003
128,00103396
128,00100696
128,00101931
128,00103137
128,00103809
128,00102172
128,00103800
128,00100776
128,00105071
128,00103339
128,00101017
128,00101936
129,00103649
129,00101921
129,00102003
129,00100554
129,00101116
129,00103194
129,00100063
129,00104809
129,00105239
130,00105209
130,00100696
130,00101630
130,00104573
130,00104730
130,00103974
130,00103562
130,00104397
130,00105111
130,00101822
130,00102811
131,00102780
131,00102805
131,00101756
131,00100661
131,00103396
131,00102105
131,00100696
131,00100739
131,00104453
131,00104616
131,00104809
131,00104945
131,00102096
131,00104347
131,00101794
131,00101265
131,00105239
131,00101469
132,00103396
132,00101572
132,00101794
132,00101822
132,00103455
133,00100678
133,00103435
133,00100623
134,00100618
134,00104651
134,00100992
134,00102435
134,00103767
134,00104408
134,00102790
134,00104980
134,00101819
134,00104354
134,00100733
134,00100826
134,00101252
134,00100780
135,00100618
135,00104651
135,00100992
135,00103479
135,00102435
135,00104408
135,00101120
135,00100944
135,00104980
135,00100141
135,00100229
135,00100733
135,00100826
135,00101252
135,00102114
136,00100689
136,00103479
136,00101237
136,00100480
136,00104354
136,00100733
136,00100944
136,00103154
136,00100532
136,00104651
136,00100992
136,00102435
136,00103419
136,00101120
136,00102252
136,00100229
136,00100618
136,00100634
136,00102871
136,00102790
136,00101819
136,00100141
136,00101491
136,00105009
136,00102114
136,00100780
136,00100826
136,00103767
137,00100689
137,00100181
137,00101237
137,00104354
137,00100733
137,00100944
137,00101893
137,00103154
137,00100532
137,00103985
137,00104651
137,00103419
137,00101120
137,00105247
137,00102495
137,00100229
137,00100634
137,00105209
137,00101118
137,00100446
137,00102871
137,00102790
137,00101819
137,00100141
137,00101491
137,00105009
137,00102750
137,00100780
137,00105020
137,00104980
137,00100149
137,00101765
137,00102256
137,00103767
137,00100666
138,00100181
138,00102361
138,00100733
138,00100944
138,00101893
138,00101252
138,00100384
138,00104651
138,00101120
138,00100618
138,00101118
138,00100446
138,00101610
138,00102790
138,00101886
138,00105009
138,00102246
138,00100780
138,00104131
138,00103497
138,00103801
138,00105020
138,00104408
138,00101021
138,00105096
139,00100532
139,00101112
139,00103497
139,00104651
139,00102669
139,00103673
139,00105020
139,00105247
139,00101381
139,00102790
139,00100480
139,00100944
139,00105181
139,00103154
140,00103067
140,00104457
140,00100733
140,00100384
140,00103154
140,00100532
140,00103419
140,00101120
140,00102987
140,00100229
140,00101112
140,00100634
140,00100795
140,00101386
140,00100446
140,00100267
140,00103231
140,00101491
140,00105254
140,00104198
140,00102246
140,00103497
140,00100149
140,00102256
140,00103767
140,00105096
141,00103497
141,00104651
141,00101335
141,00100062
141,00102256
141,00105009
141,00101252
141,00105181
141,00100318
142,00101237
142,00100092
142,00104354
142,00101252
142,00100532
142,00103985
142,00102025
142,00102495
142,00103419
142,00100229
142,00101730
142,00100162
142,00105209
142,00100442
142,00100158
142,00100062
142,00102871
142,00101819
142,00103231
142,00105254
142,00101299
142,00102114
142,00100780
142,00101158
142,00100149
142,00102256
142,00100826
142,00101817
142,00101813
143,00103824
143,00102669
143,00101299
143,00105020
143,00102495
143,00101237
143,00101034
143,00101181
143,00100424
143,00100480
143,00100346
143,00104630
143,00102256
143,00100826
143,00100944
143,00103154
143,00104131
144,00100735
144,00103067
144,00100438
144,00101154
144,00104191
144,00100615
144,00103154
144,00100532
144,00101817
144,00100672
144,00102495
144,00102987
144,00100346
144,00100634
144,00100795
144,00105254
144,00104198
144,00102114
144,00102246
144,00104340
144,00100589
144,00101335
144,00102402
144,00101158
144,00101021
144,00101843
144,00101765
144,00102256
144,00100666
144,00104602
144,00105181
145,00103479
145,00104354
145,00101382
145,00100944
145,00100615
145,00105163
145,00100532
145,00103649
145,00100672
145,00103419
145,00102987
145,00100162
145,00105000
145,00103673
145,00102202
145,00100158
145,00100446
145,00103052
145,00100062
145,00102871
145,00102790
145,00101886
145,00102900
145,00101130
145,00104980
145,00101765
145,00102479
145,00104602
146,00100735
146,00100634
146,00104247
146,00100438
146,00104408
146,00102175
146,00100062
146,00104080
146,00100424
146,00101819
146,00101507
146,00101711
146,00103966
146,00105009
146,00105181
147,00103801
147,00101609
147,00105020
147,00105096
147,00103419
147,00105247
147,00101120
147,00100092
147,00102774
147,00104047
147,00101886
147,00105028
147,00101491
147,00100384
147,00101460
148,00101120
148,00104322
148,00102479
149,00100733
149,00104457
149,00102130
150,00100532
150,00104651
150,00105209
150,00100062
150,00103551
151,00100672
151,00102944
151,00100446
151,00102025
152,00103581
152,00102581
152,00104353
152,00101328
152,00102204
152,00103765
152,00101620
152,00104342
152,00104545
152,00101459
152,00101358
152,00100902
152,00100676
152,00101290
152,00100669
152,00100560
152,00100279
152,00103691
152,00105217
152,00104980
152,00103070
153,00103581
153,00104353
153,00102581
153,00100671
153,00102204
153,00104657
153,00103765
153,00101620
153,00104756
153,00104545
153,00102598
153,00100043
153,00100676
153,00101290
153,00100669
153,00100502
153,00102318
153,00103691
153,00102302
153,00105217
153,00104980
153,00103070
154,00104353
154,00102318
154,00103908
154,00104756
154,00102172
155,00103581
155,00102581
155,00100671
155,00102204
155,00102147
155,00100841
155,00104545
155,00101459
155,00101358
155,00102759
155,00103168
155,00100095
155,00104071
155,00100669
155,00100502
155,00100279
155,00103628
155,00102302
155,00103070
155,00103435
156,00105112
156,00102204
156,00101682
156,00103765
156,00103628
156,00104756
157,00102318
157,00101682
157,00102003
157,00103691
157,00100043
157,00102147
157,00101620
157,00101283
157,00105217
157,00104591
157,00100671
157,00102408
157,00102294
157,00102206
157,00101290
157,00102598
158,00103514
158,00102318
158,00105085
158,00103628
158,00100084
158,00104980
158,00100203
158,00103168
158,00102294
158,00101290
158,00100669
159,00102302
159,00100010
159,00103628
160,00100669
160,00101358
160,00104706
160,00103628
161,00103514
161,00102147
163,00100212
163,00101021
163,00101442
163,00103589
163,00103193
163,00105123
164,00100212
164,00102576
164,00101021
164,00103589
164,00101442
164,00104194
164,00105217
164,00103193
164,00105123
164,00100458
164,00101978
165,00100212
165,00103169
165,00101511
165,00102833
165,00101021
165,00104085
165,00101442
165,00105217
165,00100458
165,00101978
166,00100781
166,00104085
166,00100017
166,00103589
166,00104194
166,00101601
166,00100733
166,00102099
166,00100458
166,00103905
166,00104335
166,00102833
166,00100714
166,00101012
166,00101442
166,00105123
166,00104609
166,00100212
166,00104664
166,00102576
166,00101511
166,00102982
166,00102864
166,00103542
166,00101978
166,00102070
166,00102304
166,00103169
166,00102710
166,00102142
166,00103238
166,00101021
166,00104120
166,00105217
166,00103042
166,00103193
166,00103179
166,00103276
167,00100735
167,00102806
167,00100017
167,00104194
167,00100733
167,00102099
167,00104335
167,00102833
167,00100843
167,00103651
167,00101442
167,00101181
167,00101036
167,00101736
167,00102466
167,00104609
167,00100212
167,00101511
167,00102864
167,00102114
167,00104120
167,00103276
167,00103042
168,00100735
168,00102806
168,00100781
168,00101116
168,00103589
168,00103905
168,00101012
168,00103393
168,00102466
168,00104664
168,00102962
168,00102868
168,00102576
168,00102490
168,00102114
168,00102304
168,00105217
168,00102270
168,00104727
169,00100212
169,00100168
169,00102576
169,00103364
169,00102114
169,00101021
169,00102121
169,00100453
169,00101036
169,00102490
169,00101601
169,00102417
169,00103542
169,00102466
169,00103367
169,00100458
169,00104609
170,00102158
170,00101116
170,00104085
170,00100017
170,00100453
170,00102099
170,00103905
170,00103414
170,00101584
170,00101012
170,00103651
170,00101181
170,00104320
170,00102417
170,00103863
170,00102490
170,00101946
170,00103542
170,00100991
170,00103169
170,00103345
170,00102142
170,00104120
170,00105217
170,00103611
170,00103276
170,00103179
170,00103630
170,00105148
171,00103169
171,00102962
171,00100326
171,00101373
171,00103651
171,00103297
171,00101601
171,00102623
171,00102114
171,00101978
172,00102304
172,00103863
172,00102037
172,00105139
172,00102063
172,00103066
172,00104120
172,00105217
172,00101736
172,00103276
172,00101646
172,00102124
172,00102099
172,00100326
172,00103414
173,00100530
173,00102037
173,00100609
173,00100924
173,00100671
173,00100733
173,00101584
173,00103150
173,00102466
173,00103405
173,00100892
173,00102304
173,00105210
173,00102142
173,00101373
173,00101021
173,00102121
173,00104120
173,00103611
173,00101883
173,00103179
173,00103066
173,00105148
173,00100658
173,00103367
174,00100924
174,00101373
174,00101116
174,00101021
174,00100505
174,00103651
174,00102052
174,00100453
174,00105114
174,00100628
174,00101978
175,00102806
175,00102018
175,00102228
175,00103364
175,00104172
175,00100671
175,00100733
175,00102099
175,00100458
175,00103776
175,00104343
175,00105123
175,00100567
175,00103754
175,00102576
175,00101061
175,00102390
175,00100510
175,00100095
175,00100892
175,00102114
175,00102070
175,00102710
175,00102142
175,00104120
175,00103066
175,00100658
175,00103367
176,00104664
176,00100714
176,00103419
176,00102388
176,00101146
176,00103589
176,00103297
176,00101181
176,00101883
176,00101648
176,00103905
176,00100567
176,00105132
176,00102099
176,00100458
176,00104131
176,00100301
176,00104609
177,00103169
177,00102962
177,00103564
177,00104977
177,00103542
177,00100271
177,00101736
177,00102490
177,00103630
177,00104731
177,00104609
178,00102037
178,00102390
178,00102710
179,00101848
179,00100271
179,00101883
179,00102143
179,00102623
180,00100628
180,00104085
182,00100140
182,00101138
182,00102359
182,00103434
182,00100077
182,00102210
182,00100870
182,00100231
182,00104144
182,00105117
182,00101936
183,00102210
183,00100077
183,00101460
183,00105117
183,00100140
183,00104969
183,00101620
183,00100870
183,00100231
183,00104144
183,00100083
183,00101138
183,00103819
183,00102019
183,00100095
183,00104231
183,00102359
183,00100967
183,00103434
183,00101936
184,00100077
184,00101460
184,00105117
184,00102536
184,00104969
184,00100870
184,00100231
184,00101552
184,00101241
184,00101138
184,00102019
184,00101186
184,00104804
184,00104966
184,00104331
184,00102359
184,00100967
184,00103773
184,00103434
184,00101936
185,00100140
185,00103379
185,00104969
185,00104331
185,00102536
185,00102359
185,00102019
185,00100844
185,00103372
185,00100785
185,00103773
185,00101241
186,00104754
186,00102210
186,00102542
186,00100785
186,00103773
186,00104144
186,00105117
187,00104804
187,00100083
187,00100967
187,00103774
187,00101922
187,00100870
187,00102542
187,00100785
187,00104511
187,00100046
187,00102799
187,00101552
187,00104144
187,00100854
187,00105117
187,00101241
188,00104231
188,00100995
188,00104331
188,00104511
188,00101552
188,00104757
189,00103273
189,00104834
189,00100077
189,00102314
189,00100870
189,00100854
189,00105117
189,00101936
190,00100140
190,00102443
190,00100995
190,00100066
190,00104754
190,00103101
190,00103455
190,00100077
190,00100859
190,00100095
190,00101460
190,00101186
190,00103434
190,00105117
191,00104966
191,00103101
191,00100844
191,00103819
191,00102359
191,00102566
191,00100077
191,00105062
191,00104511
191,00100231
191,00103905
191,00102536
192,00102443
192,00104804
192,00103889
192,00103673
192,00104834
192,00102019
192,00105185
192,00105062
192,00101648
192,00100231
192,00101460
192,00103773
193,00102536
193,00102019
193,00104805
193,00101433
193,00101241
194,00101682
194,00101138
194,00103455
194,00102210
195,00103379
195,00103673
195,00104969
195,00102542
195,00104246
195,00101354
196,00103158
196,00100530
196,00101402
196,00101861
196,00101910
196,00102163
196,00102708
196,00101759
196,00101551
196,00104581
196,00100021
196,00104740
196,00100840
196,00105211
196,00102823
196,00101748
196,00102939
196,00105232
196,00105226
196,00104885
197,00100530
197,00105232
197,00101551
197,00104653
197,00101861
197,00100178
197,00100840
197,00104740
197,00105211
197,00104230
197,00101629
197,00101759
198,00100530
198,00101402
198,00104226
198,00103279
198,00104581
198,00101861
198,00100021
198,00103648
198,00103251
198,00104230
198,00101629
199,00100530
199,00103284
199,00103688
199,00103251
199,00100704
199,00100672
199,00100236
199,00102708
199,00101759
199,00100618
199,00101551
199,00100840
199,00100383
199,00102823
199,00101748
199,00105232
199,00104653
199,00105226
199,00104885
200,00105232
200,00100406
200,00101910
200,00104230
200,00100383
200,00102708
200,00103646
201,00103158
201,00101861
201,00101910
201,00103338
201,00102163
201,00100672
201,00104404
201,00104211
201,00102457
201,00102708
201,00103646
201,00101759
201,00100618
201,00104623
201,00102939
201,00100406
201,00100342
201,00105036
201,00104885
202,00103338
202,00103710
202,00105232
202,00101402
202,00104038
202,00103251
202,00100704
202,00104506
202,00101181
202,00103550
202,00105211
202,00105226
202,00104211
202,00100236
202,00103481
202,00102823
203,00104255
203,00100672
203,00104038
203,00103133
203,00100021
203,00103284
203,00102800
203,00100236
203,00100785
203,00103550
203,00103646
204,00103338
204,00102543
204,00103284
204,00100704
204,00102908
204,00100840
204,00104230
206,00103480
206,00101220
206,00104758
206,00102709
206,00102607
206,00101769
206,00103340
206,00102036
206,00101110
206,00104780
206,00105209
206,00101511
206,00103168
206,00101299
206,00101122
206,00102728
206,00104331
206,00101304
206,00104871
206,00102931
207,00103480
207,00103922
207,00103299
207,00103801
207,00104780
207,00105209
207,00101304
207,00102495
207,00104263
207,00101110
207,00104871
207,00102607
207,00101769
208,00102728
208,00101304
208,00101511
208,00104263
208,00104503
208,00103776
208,00101110
208,00101814
209,00103480
209,00103047
209,00102384
209,00104503
209,00104033
209,00102607
209,00103299
209,00102447
209,00103340
209,00104726
209,00101110
209,00103993
209,00101814
209,00104780
209,00104263
209,00101122
209,00103801
209,00100666
209,00102931
210,00103480
210,00103047
210,00100489
210,00101220
210,00104503
210,00104033
210,00102709
210,00101769
210,00102931
210,00105125
210,00102036
210,00102495
210,00104571
210,00104753
210,00105209
210,00103902
210,00104673
210,00101122
210,00104331
210,00101933
210,00103760
210,00103340
210,00104229
211,00101122
211,00105209
211,00102384
211,00102084
211,00103213
212,00103480
212,00103047
212,00105220
212,00101756
212,00103942
212,00102135
212,00104033
212,00101093
212,00103299
212,00102447
212,00105125
212,00102495
212,00101079
212,00101814
212,00102964
212,00104780
212,00101294
212,00100642
212,00104673
212,00102728
212,00101933
212,00100666
212,00104871
213,00103480
213,00101885
213,00103299
213,00100489
213,00104780
213,00105209
213,00103340
213,00101079
213,00101933
213,00104758
213,00103648
213,00104299
213,00104033
213,00101700
213,00100360
213,00104623
213,00103213
214,00104299
214,00103258
214,00101304
215,00102581
215,00101173
215,00103021
215,00100480
215,00102594
215,00104931
215,00103176
215,00100923
215,00103532
215,00101984
215,00103375
215,00102102
215,00104054
215,00102003
215,00100446
215,00101216
215,00104799
215,00102893
215,00104149
215,00105014
215,00102609
215,00105226
215,00100658
216,00102581
216,00104507
216,00103021
216,00100480
216,00103176
216,00100923
216,00101984
216,00103532
216,00101036
216,00103375
216,00102405
216,00102832
216,00102102
216,00104054
216,00100446
216,00104067
216,00100774
216,00102273
216,00104799
216,00104149
216,00102154
216,00105014
216,00102609
216,00105005
216,00105226
216,00100789
216,00100658
216,00100768
217,00102003
217,00100640
217,00102281
217,00104067
217,00100789
217,00100658
218,00102581
218,00104507
218,00102814
218,00103021
218,00104931
218,00104249
218,00100923
218,00100841
218,00103375
218,00102533
218,00104678
218,00103247
218,00102832
218,00102102
218,00102003
218,00104054
218,00101448
218,00100446
218,00104067
218,00100774
218,00102893
218,00104149
218,00105014
218,00103316
218,00100797
218,00105044
218,00100658
219,00101173
219,00100640
219,00102281
219,00101719
219,00103176
219,00103021
219,00105014
219,00100774
219,00100312
219,00102220
219,00104149
219,00103000
219,00102405
219,00104623
219,00100789
219,00104449
220,00102802
220,00103648
220,00103021
220,00100492
220,00100480
220,00102220
220,00105143
220,00100841
220,00103797
220,00100858
220,00103247
220,00102893
220,00102154
220,00102609
220,00103316
220,00100640
220,00105005
220,00100716
220,00105207
220,00105044
221,00105072
221,00102802
221,00100480
221,00102709
221,00102079
221,00104931
221,00103176
221,00104449
221,00103247
221,00102102
221,00101448
221,00104072
221,00103469
221,00104849
221,00100635
221,00105005
221,00100797
221,00100716
221,00105207
221,00103644
221,00105044
221,00105226
222,00101173
222,00102281
222,00103021
222,00100492
222,00102220
222,00100491
222,00100860
222,00100923
222,00102279
222,00102859
222,00101055
222,00103797
222,00104926
222,00104449
222,00104678
222,00102102
222,00104077
222,00101216
222,00102154
222,00102128
222,00100768
223,00104507
223,00102814
223,00102281
223,00104453
223,00100137
223,00104249
223,00100923
223,00101517
223,00102859
223,00101036
223,00102405
223,00102989
223,00101448
223,00101511
223,00101913
223,00104067
223,00100446
223,00104799
223,00100703
223,00104849
223,00101426
223,00105014
223,00102128
223,00103366
223,00102939
223,00100640
223,00100716
223,00103386
223,00101783
223,00100658
224,00101984
224,00104067
224,00103469
224,00103000
224,00102220
224,00102850
224,00102594
224,00100892
224,00102197
225,00102128
225,00101030
225,00102089
225,00100923
225,00103654
225,00101783
225,00104067
225,00100774
225,00100040
225,00102850
225,00101426
225,00104149
225,00105002
225,00100312
225,00105025
225,00104623
226,00105072
226,00102802
226,00102508
226,00102220
226,00100890
226,00102079
226,00103176
226,00102130
226,00102511
226,00104249
226,00100923
226,00104342
226,00103000
226,00104925
226,00102989
226,00102832
226,00101511
226,00101417
226,00104086
226,00101821
226,00104799
226,00102893
226,00102351
226,00102939
226,00105005
226,00103316
226,00100640
226,00103817
226,00100716
226,00100912
227,00104832
227,00102351
227,00100797
227,00102508
228,00102102
228,00103817
228,00104086
228,00103334
228,00105250
228,00104931
229,00104067
229,00100923
230,00101308
230,00100228
230,00101697
230,00103660
230,00100905
230,00103469
230,00104855
230,00102405
230,00100184
231,00101269
231,00100228
231,00101308
231,00101697
231,00104919
231,00103660
231,00100905
231,00100446
231,00103469
231,00104822
231,00104410
231,00104855
231,00102405
231,00101041
231,00100184
232,00102158
232,00104822
232,00103593
232,00104410
232,00101041
232,00100184
232,00103657
232,00103383
232,00101308
232,00101697
232,00104919
232,00103660
232,00100063
232,00102405
232,00103213
232,00101269
232,00100228
232,00100905
232,00100446
232,00103469
232,00100807
232,00105151
232,00101937
233,00104394
233,00103593
233,00101041
233,00104410
233,00100184
233,00101308
233,00102837
233,00101697
233,00100534
233,00103660
233,00102251
233,00103977
233,00102481
233,00103213
233,00101269
233,00100228
233,00104552
233,00103469
233,00100807
233,00105151
233,00105052
233,00104855
234,00101867
234,00104822
234,00104394
234,00105169
234,00103593
234,00100374
234,00101041
234,00104410
234,00102837
234,00104919
234,00102251
234,00104616
234,00101076
234,00103977
234,00102405
234,00101269
234,00100228
234,00104552
234,00100216
234,00100807
234,00102600
234,00104340
234,00103826
234,00105052
235,00102158
235,00101146
235,00104394
235,00104822
235,00105169
235,00100374
235,00104410
235,00103657
235,00103383
235,00102648
235,00103258
235,00100534
235,00101697
235,00100814
235,00102251
235,00100063
235,00101343
235,00101076
235,00102497
235,00103977
235,00102481
235,00102405
235,00104144
235,00101269
235,00100228
235,00100896
235,00104780
235,00100446
235,00102892
235,00103968
235,00102154
235,00103826
235,00104097
235,00102402
235,00105052
236,00102158
236,00104936
236,00103826
236,00100665
236,00104394
236,00103593
236,00101343
236,00104466
236,00103977
237,00101566
237,00103258
237,00100228
237,00100534
237,00104780
237,00104552
237,00101929
237,00103390
237,00101116
237,00101146
237,00105169
237,00101343
237,00102600
237,00100374
237,00100734
237,00104882
237,00104340
237,00100202
238,00102158
238,00100665
238,00100157
238,00101116
238,00104079
238,00103952
238,00103657
238,00100532
238,00104944
238,00102837
238,00104919
238,00104616
238,00102497
238,00103977
238,00101962
238,00104144
238,00103213
238,00104132
238,00100228
238,00104780
238,00100216
238,00100734
238,00102473
238,00103826
238,00103554
238,00104882
239,00104944
239,00103390
239,00104653
239,00100446
239,00102251
239,00103375
239,00102086
239,00100796
239,00104855
239,00103977
239,00102405
239,00102154
239,00104091
240,00102158
240,00102648
240,00101269
240,00100228
240,00101179
240,00102086
240,00102946
240,00100510
240,00101343
240,00101962
240,00103116
240,00104132
241,00101292
241,00101041
241,00103855
241,00100228
241,00103213
241,00100670
241,00104079
241,00102600
241,00104144
242,00101566
242,00103079
242,00103394
242,00101315
242,00100534
242,00101999
242,00103660
242,00104197
242,00100878
242,00104132
242,00100896
242,00100228
242,00101624
242,00103469
242,00102892
242,00100807
242,00102473
242,00101937
242,00102402
242,00104855
242,00102219
242,00104091
243,00103925
243,00101292
243,00105195
243,00101704
243,00104780
243,00104525
243,00104919
243,00104653
243,00102481
243,00104394
243,00103844
243,00104616
243,00104888
243,00100374
243,00104863
243,00103375
243,00101962
243,00100184
244,00101315
244,00103848
244,00101312
244,00102738
244,00104079
244,00104134
244,00105052
244,00102405
244,00103116
244,00104410
245,00101179
245,00102892
245,00100501
245,00104822
246,00100847
246,00104615
246,00101459
246,00104983
246,00102003
246,00100714
246,00103850
246,00100108
246,00103783
246,00100389
246,00101422
246,00100764
246,00102081
246,00102517
247,00100847
247,00102003
247,00100714
247,00103054
247,00100764
247,00103851
248,00100847
248,00102715
248,00104983
248,00101175
248,00102003
248,00100764
248,00100758
248,00100714
248,00103054
248,00104605
248,00103850
248,00100389
248,00103783
248,00100108
248,00102081
248,00100658
248,00100088
249,00102715
249,00102081
249,00100033
249,00102269
249,00100758
249,00100658
250,00100758
250,00100113
250,00104914
250,00104605
250,00103850
250,00103947
250,00103783
250,00102270
250,00100033
250,00100764
250,00102081
250,00100658
251,00101408
251,00104983
251,00100178
251,00102290
251,00103783
251,00100764
251,00102081
251,00100714
251,00103850
251,00100108
251,00100088
251,00102003
251,00100767
251,00103054
251,00103947
251,00104980
251,00102270
251,00100033
251,00100758
251,00100658
251,00102517
252,00102270
253,00102003
253,00104983
254,00104492
254,00100527
254,00104688
254,00101985
254,00102483
254,00102558
254,00100691
254,00100792
254,00103332
254,00104354
254,00102994
254,00101299
254,00103781
254,00101449
254,00101858
255,00103762
255,00104353
255,00100527
255,00104747
255,00104354
255,00101264
255,00102558
255,00101449
255,00101858
255,00100272
255,00100499
255,00103866
255,00102805
255,00104688
255,00100117
255,00102483
255,00100792
255,00103332
255,00101422
255,00101299
255,00103781
255,00104492
255,00101985
255,00104212
255,00100691
255,00101725
255,00100497
255,00102994
255,00100051
256,00100527
256,00104747
256,00101264
256,00102840
256,00102558
256,00101858
256,00103657
256,00100272
256,00102448
256,00100672
256,00100619
256,00100499
256,00100318
256,00103866
256,00104688
256,00100117
256,00102483
256,00104134
256,00103332
256,00101299
256,00102114
256,00104623
256,00102455
256,00100497
256,00102994
256,00100051
257,00103866
257,00102455
257,00100083
257,00100672
257,00101656
257,00101725
257,00102994
257,00101265
257,00103781
257,00102114
257,00101858
258,00103762
258,00104520
258,00102558
258,00101858
258,00103587
258,00100619
258,00104342
258,00100499
258,00103866
258,00100117
258,00102483
258,00104077
258,00101422
258,00105080
258,00101580
258,00101985
258,00100691
258,00101433
258,00100497
259,00104353
259,00101265
259,00102840
259,00102558
259,00100272
259,00104068
259,00103866
259,00103200
259,00100117
259,00103637
259,00102483
259,00103281
259,00102114
259,00104492
259,00100507
259,00101985
259,00105120
259,00101433
259,00100051
260,00102805
260,00104182
260,00101580
260,00101985
260,00100672
260,00100974
260,00102911
260,00101656
260,00101258
260,00104068
260,00104275
260,00100792
260,00102994
260,00104354
260,00104520
260,00103944
260,00101264
260,00102558
261,00103762
261,00100527
261,00104747
261,00103816
261,00104520
261,00101449
261,00102448
261,00101858
261,00100272
261,00104953
261,00100111
261,00104068
261,00104275
261,00103212
261,00100499
261,00104431
261,00101459
261,00103200
261,00103637
261,00100064
261,00102003
261,00100792
261,00103332
261,00101299
261,00105080
261,00100507
261,00101244
261,00100497
261,00101663
261,00104810
261,00101718
261,00100051
262,00104353
262,00104618
262,00103497
262,00104552
262,00100792
262,00103944
262,00101264
262,00102113
262,00102114
262,00100051
262,00104953
263,00101756
263,00104747
263,00101449
263,00102558
263,00103595
263,00104508
263,00103090
263,00100499
263,00100318
263,00103866
263,00103714
263,00100792
263,00105080
263,00104623
263,00103497
263,00104492
263,00101244
263,00104810
263,00104405
264,00104353
264,00103497
264,00103587
264,00101697
264,00100672
264,00102860
264,00101718
264,00102858
265,00102448
265,00100083
265,00102128
265,00102237
265,00101656
265,00104077
265,00100497
265,00102994
265,00101438
265,00100789
265,00102558
265,00102858
266,00102128
266,00103637
266,00100111
266,00101046
266,00103375
267,00102704
267,00104923
267,00102449
267,00105033
267,00103470
267,00103401
267,00102708
267,00101207
267,00101313
267,00102202
267,00101254
267,00102835
267,00102893
267,00100773
267,00104505
267,00102304
267,00102896
267,00102834
267,00103875
267,00101923
267,00104752
267,00105126
267,00103773
268,00102704
268,00103430
268,00103139
268,00102753
268,00102449
268,00105033
268,00104368
268,00102487
268,00103470
268,00100229
268,00103401
268,00102708
268,00101313
268,00104780
268,00102202
268,00101254
268,00104472
268,00102741
268,00102835
268,00104594
268,00102893
268,00104505
268,00100773
268,00102304
268,00102030
268,00102834
268,00103875
268,00104752
268,00101923
268,00105126
268,00101549
268,00101111
268,00103773
269,00102048
269,00104923
269,00103882
269,00104194
269,00103139
269,00102753
269,00102449
269,00103560
269,00105033
269,00102487
269,00100296
269,00103401
269,00104780
269,00104472
269,00102835
269,00101410
269,00104505
269,00100773
269,00102893
269,00105249
269,00100573
269,00102304
269,00105056
269,00104752
269,00100119
269,00103773
270,00103430
270,00103139
270,00104194
270,00104191
270,00102753
270,00102449
270,00105033
270,00103318
270,00102487
270,00100296
270,00104205
270,00100565
270,00103423
270,00100043
270,00101410
270,00102893
270,00101911
270,00102834
270,00105214
270,00101121
270,00105126
270,00101549
270,00101111
271,00105069
271,00101754
271,00103430
271,00104169
271,00102753
271,00104261
271,00103560
271,00101351
271,00102447
271,00100296
271,00104366
271,00103423
271,00104633
271,00100573
271,00102304
271,00102896
271,00102834
271,00105056
271,00101923
271,00105126
271,00103773
272,00100001
272,00103882
272,00103430
272,00103139
272,00105250
272,00100813
272,00102449
272,00103557
272,00101797
272,00105000
272,00101254
272,00102029
272,00104472
272,00101410
272,00104594
272,00100773
272,00100776
272,00101911
272,00101121
272,00100119
273,00102684
273,00100296
273,00103139
273,00104752
273,00103785
273,00101651
273,00105126
273,00100565
273,00101549
273,00100813
273,00100777
274,00104191
274,00102960
274,00104368
274,00101913
274,00100001
274,00101021
274,00104594
274,00103086
274,00103401
274,00102148
274,00100813
274,00104261
274,00101313
275,00105250
275,00100813
275,00102079
275,00100013
275,00101858
275,00105033
275,00103318
275,00104205
275,00100565
275,00102708
275,00102029
275,00104472
275,00102741
275,00103974
275,00105014
275,00102304
275,00101911
275,00103921
275,00103773
276,00102089
276,00104330
276,00102048
276,00101453
276,00104923
276,00103882
276,00104248
276,00105250
276,00102487
276,00101421
276,00102626
276,00100777
276,00103423
276,00102029
276,00100043
276,00100573
276,00105014
276,00101871
276,00102030
276,00102128
276,00101923
276,00100119
277,00102213
277,00104330
277,00101754
277,00104194
277,00103139
277,00100671
277,00104191
277,00101858
277,00104941
277,00103318
277,00103470
277,00101421
277,00100777
277,00101207
277,00104134
277,00104632
277,00104164
277,00102573
277,00100103
277,00101021
279,00102048
279,00105069
279,00103139
279,00100169
279,00104248
279,00101325
279,00102487
279,00100296
279,00103748
279,00101421
279,00101832
279,00103624
279,00100565
279,00105000
279,00101260
279,00102029
279,00102741
279,00104594
279,00105249
279,00103626
279,00102960
279,00103921
279,00105056
279,00103875
279,00101679
279,00103014
279,00104588
280,00100479
280,00102704
280,00104696
280,00100671
280,00103560
280,00104368
280,00100296
280,00101832
280,00100281
280,00104366
280,00103138
280,00100565
280,00100402
280,00100777
280,00100162
280,00102713
280,00104780
280,00103654
280,00104472
280,00102741
280,00100683
280,00103626
280,00102569
280,00102896
280,00102834
280,00101021
280,00100826
280,00100119
281,00100479
281,00103913
281,00102148
281,00100813
281,00104261
281,00101858
281,00104205
281,00103401
281,00103797
281,00103244
281,00102713
281,00100773
281,00104715
281,00100396
281,00100075
281,00102304
281,00102736
281,00101923
281,00105126
282,00102213
282,00103292
282,00105005
282,00103470
282,00101679
282,00101662
282,00103947
282,00104134
282,00101121
282,00100671
282,00105250
282,00104191
282,00103584
282,00103560
282,00101225
283,00104209
283,00104368
283,00101754
283,00100103
283,00103875
283,00104472
283,00104653
283,00100316
283,00104505
283,00100396
283,00100028
283,00101858
284,00104774
284,00105056
284,00100043
284,00101662
284,00100805
284,00101869
284,00103584
284,00102753
285,00104599
285,00102332
285,00105244
285,00104299
285,00101265
285,00104931
285,00100841
285,00105051
285,00102202
285,00100041
285,00101333
285,00104134
285,00104702
285,00103275
285,00105026
285,00104392
285,00104653
285,00101539
285,00102356
285,00104837
285,00101380
286,00101209
286,00101122
286,00104392
286,00102202
286,00100041
286,00102332
286,00105244
286,00104702
286,00101265
286,00102600
286,00103275
286,00103154
287,00105244
287,00104299
287,00103795
287,00104931
287,00103154
287,00100532
287,00102804
287,00105247
287,00100841
287,00103658
287,00100654
287,00101215
287,00102202
287,00100041
287,00101333
287,00104134
287,00103275
287,00104131
287,00103478
287,00101209
287,00101122
287,00102580
287,00104392
287,00104653
287,00101539
287,00101213
287,00102356
287,00104837
287,00101380
287,00100658
288,00101122
288,00104392
288,00104653
288,00102240
288,00104299
288,00101213
288,00101972
288,00103809
288,00104530
288,00105051
288,00104837
288,00102600
288,00104630
288,00103208
288,00105026
289,00104599
289,00103006
289,00103795
289,00104630
289,00101265
289,00104362
289,00102804
289,00100841
289,00103298
289,00100654
289,00104702
289,00103275
289,00102155
289,00104450
289,00104131
289,00102580
289,00104653
289,00104440
289,00103054
289,00102356
289,00101046
290,00104599
290,00103006
290,00100521
290,00104931
290,00103154
290,00104362
290,00103451
290,00104342
290,00102623
290,00100041
290,00101333
290,00102108
290,00104702
290,00105026
290,00100167
290,00104450
290,00104131
290,00104653
290,00101972
290,00100866
290,00100912
291,00102636
291,00102752
291,00104653
291,00103439
291,00101539
291,00100841
291,00104702
291,00100649
291,00103658
291,00101525
291,00103315
291,00102600
291,00104450
291,00104931
291,00100167
291,00100658
292,00102332
292,00102603
292,00101265
292,00101380
292,00100221
292,00104342
292,00100654
292,00102202
292,00104020
292,00101801
292,00102108
292,00103809
292,00104134
292,00104702
292,00104359
292,00102600
292,00103208
292,00105026
292,00102750
292,00103315
292,00104419
292,00100279
292,00104653
292,00102196
292,00101761
292,00101046
293,00100124
293,00102603
293,00100532
293,00103878
293,00103439
293,00104114
293,00105051
293,00101215
293,00102108
293,00104530
293,00104359
293,00100312
293,00101409
293,00101122
293,00103010
293,00103054
293,00102138
293,00101213
293,00103852
293,00100866
294,00105234
294,00100176
294,00103910
294,00102332
294,00105244
294,00104821
294,00102245
294,00104630
294,00102183
294,00104362
294,00103941
294,00105247
294,00101025
294,00103451
294,00103658
294,00100654
294,00101215
294,00101511
294,00101333
294,00102108
294,00100950
294,00104359
294,00104945
294,00102600
294,00103275
294,00104881
294,00105026
294,00100167
294,00104450
294,00104131
294,00101629
294,00102580
294,00104653
294,00104440
294,00102946
294,00103054
294,00102138
294,00103315
294,00103767
295,00102580
295,00104419
295,00100908
295,00102206
295,00102804
295,00103570
295,00103203
295,00102603
295,00103451
295,00104702
295,00101761
295,00101525
295,00102600
295,00104908
295,00104881
295,00102750
295,00104362
296,00100901
296,00102636
296,00102965
296,00104299
296,00104313
296,00104931
296,00104750
296,00100714
296,00102240
296,00104134
296,00103208
296,00102750
296,00105026
296,00100167
296,00102569
296,00104966
296,00104440
296,00103852
296,00100866
296,00103203
297,00103878
297,00101167
297,00102155
297,00105247
297,00101901
297,00100521
297,00104286
297,00102281
297,00102356
297,00102321
297,00105051
297,00104630
297,00104931
297,00104362
298,00105034
298,00105234
298,00100176
298,00100279
298,00101012
298,00104440
298,00100936
298,00103809
298,00102603
298,00102920
298,00101380
299,00100908
299,00103570
299,00102946
299,00104530
299,00104342
299,00104630
299,00101717
299,00100167
299,00101449
300,00102582
300,00104599
300,00103878
300,00100041
300,00100267
300,00102183
300,00101409
301,00100532
302,00100532
302,00102281
302,00102321
302,00101036
302,00104401
303,00102363
303,00102832
303,00105183
303,00100447
303,00102838
303,00103947
303,00104896
303,00105228
303,00100366
303,00100006
303,00100102
303,00103171
303,00100602
303,00103952
304,00103708
304,00102832
304,00105183
304,00101985
304,00104224
304,00102147
304,00100602
304,00102838
304,00103947
304,00100366
304,00105228
304,00102784
304,00100006
304,00100102
304,00103904
304,00104163
304,00103171
304,00103952
305,00102363
305,00104305
305,00103194
305,00100006
305,00100102
305,00103966
305,00102843
305,00105035
305,00102147
305,00102838
305,00105183
305,00100387
305,00103171
305,00103708
305,00100168
305,00102832
305,00100447
305,00100403
305,00104163
305,00100602
305,00101985
305,00102179
305,00103947
305,00100366
305,00104896
305,00100481
305,00103904
306,00100433
306,00102734
306,00102363
306,00103708
306,00102447
306,00104224
306,00100447
306,00103461
306,00103194
306,00104194
306,00105228
306,00102784
306,00100366
306,00100006
306,00103966
306,00103904
306,00101859
307,00104122
307,00103548
307,00104194
307,00105228
307,00104896
307,00103947
307,00100366
307,00100963
307,00100006
307,00105183
307,00104163
307,00104340
307,00102600
308,00102734
308,00100433
308,00101816
308,00100168
308,00104305
308,00104525
308,00104302
308,00101098
308,00100963
308,00100006
308,00103966
308,00103171
308,00102277
309,00103497
309,00101816
309,00104823
309,00100447
309,00104896
309,00103904
309,00102343
309,00103952
310,00100433
310,00100597
310,00102832
310,00101229
310,00100559
310,00104224
310,00102179
310,00103194
310,00100006
310,00104978
310,00103952
311,00100597
311,00103194
311,00105228
311,00102784
311,00101086
311,00100102
311,00103503
311,00101807
311,00105183
311,00102343
311,00102734
311,00101594
311,00100168
311,00104224
311,00100447
311,00102750
311,00105122
311,00104340
311,00104525
311,00103497
311,00104350
311,00102179
311,00102870
311,00101307
311,00100028
312,00101594
312,00104305
312,00102832
312,00104975
312,00100318
313,00100433
313,00102819
313,00101985
313,00103194
314,00100403
314,00102750
314,00100168
314,00100006
315,00101748
315,00100373
315,00103012
315,00101194
315,00103318
315,00104331
315,00105021
315,00101237
315,00103269
315,00105062
315,00105127
315,00100349
315,00100270
315,00103955
315,00103449
316,00101748
316,00100373
316,00101194
316,00104331
316,00101237
316,00103269
316,00101662
316,00102878
316,00101290
316,00105146
317,00101194
317,00102878
317,00100026
317,00101237
317,00101662
317,00103250
317,00100270
317,00101829
317,00100373
317,00103012
317,00103318
317,00102129
317,00105127
317,00101986
317,00102805
317,00103269
317,00100510
317,00100418
317,00103955
317,00101748
317,00104331
317,00105062
317,00100349
317,00101825
317,00101520
318,00101194
318,00101597
318,00100026
318,00105021
318,00100270
318,00101460
318,00103012
318,00102129
318,00101692
318,00101986
318,00103449
318,00100266
318,00102805
318,00101569
318,00100510
318,00100316
318,00100418
318,00100294
318,00101290
318,00103955
318,00101748
318,00101542
318,00102601
318,00105062
318,00101825
318,00102216
318,00105146
319,00104994
319,00100026
319,00101237
319,00103250
319,00102006
319,00104841
319,00101460
319,00103952
319,00103012
319,00100399
319,00102129
319,00103269
319,00101825
319,00100294
319,00101290
319,00101578
319,00100349
319,00101365
319,00102878
320,00101748
320,00100532
320,00103592
320,00103318
320,00104331
320,00100399
320,00101237
320,00102601
320,00100510
320,00100316
320,00104716
320,00103349
320,00103955
320,00100232
321,00101237
321,00102510
321,00100270
321,00103349
321,00104841
321,00101829
321,00100827
321,00104007
321,00103449
321,00105213
321,00103952
322,00104994
322,00101767
322,00103250
322,00102245
322,00100373
322,00101949
322,00102129
322,00103449
322,00105213
322,00103269
322,00100510
322,00102114
322,00104007
322,00104097
322,00104331
322,00101373
322,00101578
322,00102878
322,00101017
323,00101597
323,00100527
323,00101373
323,00101417
323,00101806
323,00103983
323,00100418
323,00102006
323,00103477
323,00100270
323,00101692
323,00101520
323,00104841
323,00101694
323,00103952
324,00100026
324,00101555
324,00101767
324,00100246
324,00103250
324,00102006
324,00104841
324,00100827
324,00102510
324,00101829
324,00103592
324,00103270
324,00103952
324,00105156
324,00100373
324,00100137
324,00103477
324,00104704
324,00100025
324,00102303
324,00100418
324,00101290
324,00103955
324,00101748
324,00104097
324,00103817
324,00102138
324,00105062
324,00104707
324,00103203
324,00101694
325,00102878
325,00102845
325,00101806
325,00104822
325,00103983
325,00102006
325,00102245
325,00103270
325,00103952
325,00100532
325,00100399
325,00100459
325,00102021
325,00102418
325,00103477
325,00104432
325,00104890
325,00101417
325,00100446
325,00100510
325,00102303
325,00101946
325,00101290
325,00104007
325,00103972
325,00102526
325,00102580
325,00101542
325,00103817
325,00102106
325,00100349
325,00101365
325,00100385
325,00103349
325,00105198
325,00101017
325,00105146
325,00101694
326,00101219
326,00101111
326,00103250
326,00101460
326,00100137
327,00104054
327,00105127
327,00101946
328,00100025
328,00105213
329,00101460
329,00102172
329,00100385
329,00101946
330,00102601
331,00102744
331,00100952
331,00104094
331,00104334
331,00101651
331,00100198
332,00101873
332,00102744
332,00100952
332,00104094
332,00104334
332,00101620
332,00101659
332,00102238
332,00103517
332,00101651
332,00103451
332,00102245
332,00100198
333,00102744
333,00100952
333,00104513
333,00104094
333,00101620
333,00104689
334,00101873
334,00100952
334,00103205
334,00104236
334,00101620
334,00101659
334,00104633
334,00103451
334,00101651
334,00102245
334,00103193
334,00100198
334,00104499
335,00100952
335,00102238
335,00104493
335,00101651
335,00102245
335,00101620
335,00101659
335,00103451
335,00104499
335,00104094
335,00103140
335,00104633
335,00100057
335,00101475
335,00101937
335,00103517
335,00101097
335,00100198
335,00101813
335,00102103
336,00101475
336,00104489
336,00100952
336,00104513
336,00103205
336,00101937
336,00104633
336,00101813
336,00100411
336,00105093
336,00104144
336,00104499
336,00100304
337,00104334
337,00101659
337,00104633
337,00101333
337,00101923
337,00103451
337,00101438
337,00104144
338,00101292
338,00104094
338,00103140
338,00101659
338,00103451
338,00103083
338,00100057
339,00103517
339,00101923
339,00103451
339,00100686
340,00104290
340,00102498
340,00101193
340,00104946
340,00101075
340,00103908
340,00102911
340,00104638
340,00101619
340,00103322
340,00101120
340,00104275
340,00103053
340,00104799
340,00101046
340,00101111
340,00104545
341,00101010
341,00103067
341,00102911
341,00101619
341,00104290
341,00102498
341,00104946
341,00103322
341,00101120
341,00103439
341,00101111
341,00104275
341,00104545
341,00103908
341,00103390
341,00104077
341,00104799
341,00101405
341,00100972
341,00104638
341,00101046
341,00101017
341,00103435
342,00101763
342,00103067
342,00103390
342,00103322
342,00104507
342,00103439
342,00104289
342,00101405
342,00101046
342,00105143
342,00103435
343,00101763
343,00101010
343,00103067
343,00104507
343,00101619
343,00100914
343,00103058
343,00103322
343,00101120
343,00104289
343,00103439
343,00102495
343,00104592
343,00103865
343,00104545
343,00103908
343,00104077
343,00101782
343,00103730
343,00102402
343,00104638
343,00103053
343,00100219
343,00101046
343,00104612
343,00103435
344,00104290
344,00101763
344,00103294
344,00101745
344,00104638
344,00101120
344,00100753
344,00104275
344,00100219
344,00100856
344,00103983
344,00101405
344,00101046
344,00100242
344,00104612
344,00103730
345,00101745
345,00102911
345,00104507
345,00104292
345,00100914
345,00100856
345,00100887
345,00105143
345,00102718
345,00100242
345,00102498
345,00102648
345,00103058
345,00104946
345,00102495
345,00101120
345,00103439
345,00104289
345,00103322
345,00104275
345,00104592
345,00104343
345,00102136
345,00101466
345,00102926
345,00104799
345,00102735
345,00103653
345,00101911
345,00103378
345,00100753
345,00100219
345,00101017
345,00100815
346,00101193
346,00101292
346,00101046
346,00102911
346,00103322
346,00104596
346,00101782
346,00104592
346,00100630
346,00102718
346,00103746
346,00103730
347,00103294
347,00101695
347,00103067
347,00104507
347,00101085
347,00100887
347,00105143
347,00100449
347,00104290
347,00102308
347,00102902
347,00103665
347,00103322
347,00103391
347,00101075
347,00103242
347,00104348
347,00103390
347,00103908
347,00104077
347,00101782
347,00102735
347,00103746
347,00103730
347,00103180
347,00100754
347,00103378
347,00102402
347,00100753
347,00102270
347,00101111
347,00100815
347,00104612
347,00104322
348,00101745
348,00103730
348,00103390
348,00104507
348,00104459
348,00103391
348,00102111
348,00103983
348,00100678
348,00100242
348,00104612
348,00100449
349,00101695
349,00101619
349,00100914
349,00105084
349,00102718
349,00105143
349,00102308
349,00103391
349,00102746
349,00102284
349,00104545
349,00103646
349,00104348
349,00101786
349,00100678
349,00100630
349,00102173
349,00102304
349,00103674
349,00100815
350,00101745
350,00103294
350,00104292
350,00103983
350,00101728
350,00103909
350,00102718
350,00101351
350,00101120
350,00103391
350,00102136
350,00103242
350,00101594
350,00103390
350,00102133
350,00103653
350,00103180
350,00102296
350,00100219
350,00103315
350,00100496
351,00101745
351,00101763
351,00101619
351,00102911
351,00100914
351,00103983
351,00105084
351,00102718
351,00105143
351,00101062
351,00104307
351,00102487
351,00101120
351,00103439
351,00103391
351,00101088
351,00104322
351,00102136
351,00104816
351,00104965
351,00101466
351,00100696
351,00104077
351,00102173
351,00103997
351,00100030
351,00102988
351,00103653
351,00103730
351,00103685
351,00103180
351,00103378
351,00104596
351,00103104
351,00103586
351,00101046
351,00105119
351,00100496
351,00101111
351,00100575
351,00103435
351,00102517
352,00104290
352,00102902
352,00102944
352,00101619
352,00103390
352,00103802
352,00103391
352,00102673
352,00102708
352,00104610
352,00101046
352,00104545
352,00100575
352,00103315
353,00101763
353,00103294
353,00101085
353,00104652
353,00105143
353,00101193
353,00101236
353,00103178
353,00103439
353,00104545
353,00100678
353,00104035
353,00103997
353,00104785
353,00101911
353,00103180
353,00102296
353,00100219
353,00105119
353,00101111
353,00100575
354,00104816
354,00103685
354,00102719
354,00101426
354,00102136
354,00104322
356,00103649
356,00102111
356,00102173
356,00103865
356,00101038
357,00101046
357,00103652
357,00103242
357,00103653
358,00101292
358,00101038
358,00104610
359,00100219
359,00101416
359,00103058
359,00103439
360,00101728
360,00102540
360,00105084
360,00101426
361,00101982
361,00101236
361,00103685
361,00102718
362,00103062
362,00104424
362,00104774
362,00103403
362,00103458
362,00100220
362,00105120
362,00104890
362,00103507
362,00100985
362,00103680
362,00102449
362,00101337
363,00104484
363,00103403
363,00102449
363,00100220
364,00101057
364,00103458
364,00102281
364,00103680
364,00103062
364,00102449
364,00103459
364,00103403
364,00104309
364,00103385
364,00104772
364,00105173
364,00104890
364,00100985
364,00101482
364,00100220
364,00101514
364,00101297
364,00103617
364,00104340
364,00104774
364,00104424
364,00104484
364,00105120
364,00100317
364,00104854
364,00103507
364,00104091
364,00101337
365,00102166
365,00103385
365,00104067
365,00103680
365,00103459
365,00102284
365,00101297
365,00101337
365,00104340
366,00104774
366,00103403
366,00105161
366,00103458
366,00100220
366,00102309
366,00102281
366,00102323
366,00103062
366,00103044
367,00101191
367,00105120
367,00104424
367,00102323
368,00104772
369,00103403
369,00101514
370,00102304
370,00100484
370,00100366
370,00102520
370,00101176
370,00103041
370,00102379
370,00104322
371,00102304
371,00103855
371,00100366
371,00103508
371,00101176
371,00102479
371,00103041
371,00102708
371,00102379
371,00104322
372,00100366
372,00100484
373,00102036
373,00104322
373,00102479
374,00104848
374,00101185
374,00103558
374,00101278
374,00100032
374,00101265
374,00103528
374,00100671
374,00100137
374,00102532
374,00101769
374,00100458
374,00100272
374,00104903
374,00104940
374,00103322
374,00101403
374,00100841
374,00100231
374,00102233
374,00105161
374,00102869
374,00100864
374,00101511
374,00101963
374,00100510
374,00101690
374,00101684
374,00103889
374,00105222
374,00103784
374,00105027
374,00101883
374,00103118
374,00100648
374,00104658
375,00103889
375,00102869
375,00101185
375,00102052
375,00105027
375,00100231
375,00104726
375,00100648
375,00103771
376,00105094
376,00103558
376,00103234
376,00102532
376,00100458
376,00100272
376,00104903
376,00103494
376,00103322
376,00101403
376,00100231
376,00104726
376,00102007
376,00105161
376,00102869
376,00104667
376,00102962
376,00101963
376,00101699
376,00100510
376,00100267
376,00101184
376,00104914
376,00101629
376,00101684
376,00103889
376,00105027
376,00101883
376,00103727
376,00100648
376,00104658
377,00102688
377,00105161
377,00103494
377,00103322
377,00100984
377,00101146
377,00103118
377,00100137
377,00100458
378,00103889
378,00104001
378,00102993
378,00101699
378,00100510
378,00104914
378,00102052
378,00103784
378,00100841
378,00101869
378,00101039
378,00100415
378,00101265
378,00104387
378,00101629
379,00105094
379,00102125
379,00104001
379,00103558
379,00100032
379,00102622
379,00102532
379,00100839
379,00104903
379,00103494
379,00103322
379,00100375
379,00104667
379,00101963
379,00101699
379,00100510
379,00103181
379,00101039
379,00105249
379,00103976
379,00102121
379,00103118
380,00100839
380,00104933
380,00100489
380,00103322
380,00100510
380,00102052
380,00102947
380,00103784
380,00100841
380,00101883
380,00100032
380,00103118
380,00104387
380,00100648
380,00105131
380,00103541
380,00102155
380,00103734
381,00102007
381,00101202
381,00101403
381,00101185
381,00104523
381,00105027
381,00104328
381,00100375
381,00100458
381,00101769
381,00104409
382,00104353
382,00105161
382,00104667
382,00102869
382,00101900
382,00104848
382,00102866
382,00104221
382,00104387
382,00102532
383,00105018
383,00100522
383,00101278
383,00105131
383,00105249
383,00100671
383,00103734
384,00102532
385,00101684
385,00101963
385,00105131
386,00101363
386,00101900
386,00100489
386,00101185
386,00100841
386,00104652
387,00101883
387,00103494
387,00103181
387,00101815
388,00101684
388,00103726
388,00102641
388,00100098
388,00104473
388,00103619
388,00100219
388,00100462
388,00102745
388,00104448
388,00100676
388,00103787
388,00104635
389,00104839
389,00102281
389,00100462
389,00104911
389,00101265
389,00104635
389,00104957
389,00102591
389,00102641
389,00100098
389,00104473
389,00102495
389,00103619
389,00102770
389,00100676
389,00105116
389,00103787
389,00103726
389,00101684
389,00103980
389,00100219
389,00104448
389,00102745
389,00103193
389,00100658
390,00104839
390,00104292
390,00104911
390,00100462
390,00101265
390,00100733
390,00104635
390,00104957
390,00100977
390,00102641
390,00100098
390,00100723
390,00102770
390,00103968
390,00100204
390,00103787
390,00103726
390,00100943
390,00104803
390,00100658
391,00104292
391,00102281
391,00100462
391,00104053
391,00101636
391,00104731
391,00104957
391,00102591
391,00100977
391,00102641
391,00100098
391,00101900
391,00100882
391,00100437
391,00103083
391,00102770
391,00103968
391,00101494
391,00100204
391,00105116
391,00103787
391,00101130
391,00104448
391,00102745
392,00102146
392,00101900
392,00102063
392,00104292
392,00103269
392,00104803
392,00104053
392,00100437
392,00104616
392,00104448
392,00103193
392,00100204
392,00104145
392,00102905
392,00104731
392,00104635
393,00102551
393,00102494
393,00104839
393,00104292
393,00102281
393,00102080
393,00104053
393,00101636
393,00104635
393,00103206
393,00100977
393,00101900
393,00104473
393,00102147
393,00100437
393,00100224
393,00103083
393,00101704
393,00103269
393,00102770
393,00103968
393,00102905
393,00101684
393,00100279
393,00102085
393,00102788
393,00103980
393,00102601
393,00104803
393,00103193
393,00100643
393,00102063
394,00101518
394,00102641
394,00101704
394,00104839
394,00100098
394,00102147
394,00102601
394,00103510
394,00103297
394,00104053
394,00105040
394,00103193
394,00104910
395,00104839
395,00101636
395,00104458
395,00104731
395,00104957
395,00100098
395,00101900
395,00100717
395,00104571
395,00103641
395,00100882
395,00100339
395,00101459
395,00104207
395,00101704
395,00100723
395,00101511
395,00103269
395,00102507
395,00104910
395,00100676
395,00102085
395,00102601
395,00100219
395,00103193
396,00102494
396,00102281
396,00104251
396,00102591
396,00103206
396,00103596
396,00100339
396,00104145
396,00102000
396,00101691
396,00102507
396,00103968
396,00100676
396,00101562
396,00103726
396,00102471
396,00102601
396,00101130
396,00102745
396,00104761
396,00102063
397,00101684
397,00101511
397,00100259
397,00103297
397,00103641
397,00104251
397,00102905
397,00101046
397,00103893
397,00101538
398,00103297
398,00105040
398,00102594
398,00101471
398,00102591
398,00103470
398,00102147
398,00104616
398,00100339
398,00104890
398,00102000
398,00104077
398,00100204
398,00100294
398,00105116
398,00103726
398,00102788
398,00100943
398,00100172
398,00101648
399,00101459
399,00100723
399,00102508
399,00100882
399,00104458
399,00101538
399,00102311
400,00101459
400,00102551
400,00103058
400,00101112
400,00104839
400,00103893
400,00102508
400,00104803
400,00102748
400,00105159
400,00102594
400,00104635
400,00100789
401,00102494
401,00101400
401,00102508
401,00104911
401,00104458
401,00104635
401,00104473
401,00100717
401,00104571
401,00100224
401,00101723
401,00101691
401,00103407
401,00100359
401,00104077
401,00105157
401,00102471
401,00103674
401,00104679
401,00104912
402,00100294
402,00104616
402,00104703
402,00104635
403,00103384
403,00102664
403,00102384
403,00101146
403,00104652
403,00101265
403,00103094
403,00101595
403,00104651
403,00102943
403,00102145
403,00100612
403,00101710
403,00102633
403,00102985
403,00102967
403,00103797
403,00103087
403,00102708
403,00104012
403,00100269
403,00104773
403,00102288
403,00104318
403,00100022
403,00102278
403,00103277
403,00101902
403,00104391
403,00102318
403,00101373
403,00102899
403,00101140
403,00101705
404,00100269
404,00102318
404,00104773
404,00102341
404,00100527
404,00101710
404,00102384
404,00102899
404,00102633
404,00104145
404,00102278
404,00100294
404,00103094
404,00101747
405,00101595
405,00102664
405,00102784
405,00100415
405,00100022
405,00103797
405,00104012
406,00101710
406,00101995
406,00104318
406,00101003
406,00102933
406,00103277
406,00102708
406,00101747
406,00104012
407,00102355
407,00100527
407,00104269
407,00101995
407,00102784
407,00104652
407,00103094
407,00104651
407,00102341
407,00101710
407,00102933
407,00102421
407,00103797
407,00102708
407,00103647
407,00104012
407,00103240
407,00104773
407,00102288
407,00100845
407,00105019
407,00102278
407,00100294
407,00103862
407,00101902
407,00102750
407,00102318
407,00103192
407,00103193
408,00102355
408,00101873
408,00104269
408,00101373
408,00102384
408,00101995
408,00102288
408,00103322
408,00104327
408,00103192
408,00102784
408,00100516
408,00103797
408,00103592
408,00103647
408,00101705
408,00102184
409,00100527
409,00102664
409,00104327
409,00100249
409,00102341
409,00101710
409,00104145
409,00102421
409,00102675
409,00103087
409,00104012
409,00103646
409,00103240
409,00104641
409,00100285
409,00103862
409,00101902
409,00101433
409,00100415
410,00102355
410,00102796
410,00104269
410,00100077
410,00102784
410,00104172
410,00102130
410,00102943
410,00103322
410,00102633
410,00102933
410,00102675
410,00103797
410,00104585
410,00104773
410,00103654
410,00103804
410,00100022
410,00104131
410,00103192
411,00102355
411,00103855
411,00102318
411,00102943
411,00104269
411,00104931
411,00102948
411,00100934
411,00100516
411,00103611
411,00102421
411,00103592
411,00102750
412,00101719
412,00100077
412,00102784
412,00101264
412,00104651
412,00101595
412,00101710
412,00103322
412,00100934
412,00101120
412,00102933
412,00104585
412,00103087
412,00104670
412,00103654
412,00101801
412,00102288
412,00100294
412,00100585
412,00104265
412,00102184
412,00102318
412,00103921
412,00101046
412,00101140
412,00100320
413,00101057
413,00103384
413,00104327
413,00102370
413,00102784
413,00104172
413,00101264
413,00102130
413,00104651
413,00102943
413,00101710
413,00100934
413,00100941
413,00102633
413,00104621
413,00103440
413,00104585
413,00100878
413,00105088
413,00101207
413,00104773
413,00103654
413,00101801
413,00102288
413,00102948
413,00104799
413,00103714
413,00105019
413,00104265
413,00102184
413,00101684
413,00102866
414,00101057
414,00104327
414,00101719
414,00102370
414,00101804
414,00101264
414,00103454
414,00101267
414,00102943
414,00100934
414,00100233
414,00102421
414,00102675
414,00101003
414,00105088
414,00103855
414,00100625
414,00101913
414,00101801
414,00101629
414,00101873
414,00101684
414,00103514
414,00103921
414,00100415
414,00100250
415,00102355
415,00100688
415,00100798
415,00102948
415,00101801
415,00104860
415,00100077
415,00100240
415,00101869
415,00100516
415,00104585
415,00102708
415,00104012
416,00101629
416,00102899
418,00102304
418,00102384
418,00100516
418,00102145
419,00103277
419,00101801
420,00102514
420,00103419
420,00102442
420,00102302
420,00104342
420,00101458
420,00100671
420,00101134
420,00103905
420,00104131
421,00103419
421,00102442
421,00103648
421,00102302
421,00104935
421,00104342
421,00103912
421,00100671
421,00101134
421,00103905
421,00104131
421,00102448
422,00102514
422,00102358
422,00103419
422,00102442
422,00103648
422,00103405
422,00102270
422,00102266
422,00101134
422,00101458
422,00102448
423,00102514
423,00100653
423,00102442
423,00103648
423,00102016
423,00104935
423,00101134
423,00103912
423,00103905
423,00102448
423,00100331
423,00101945
423,00103419
423,00100934
423,00100471
423,00104342
423,00102523
423,00102266
423,00100475
423,00104694
423,00103405
423,00101458
423,00103826
423,00102302
423,00102270
424,00102514
424,00102083
424,00102358
424,00103654
424,00103245
424,00103419
424,00103756
424,00101784
424,00104374
424,00103405
424,00102523
424,00104342
424,00101458
424,00103905
424,00102448
425,00102514
425,00102358
425,00102384
425,00102442
425,00103991
425,00104935
425,00102448
425,00103419
425,00100934
425,00104257
425,00102266
425,00100475
425,00104694
425,00104030
425,00101458
425,00102477
425,00102083
425,00101433
425,00102121
425,00102270
425,00100056
426,00100653
426,00104599
426,00102384
426,00104374
426,00104935
426,00102116
427,00100331
427,00104295
427,00103826
427,00100653
427,00104819
427,00103756
427,00102442
427,00103648
427,00102016
427,00101433
427,00102270
427,00100302
427,00103937
427,00101160
427,00100056
427,00104612
428,00100331
428,00104295
428,00105223
428,00102116
428,00104342
428,00103179
428,00104612
429,00104353
429,00102037
429,00104824
429,00103905
429,00100304
429,00103557
429,00104302
429,00100949
429,00102919
429,00100673
429,00102819
429,00103694
429,00101528
429,00100773
429,00100095
429,00103699
429,00101911
429,00105257
429,00103822
429,00101874
429,00102263
429,00100411
430,00104353
430,00103092
430,00102452
430,00104824
430,00102718
430,00102594
430,00103905
430,00103557
430,00102447
430,00100949
430,00102919
430,00100673
430,00102819
430,00103694
430,00100773
430,00102205
430,00100095
430,00104283
430,00105101
430,00103653
430,00103699
430,00105257
430,00103822
430,00101874
430,00102263
430,00104448
431,00104353
431,00103092
431,00102452
431,00104824
431,00104169
431,00102718
431,00103905
431,00103557
431,00101091
431,00103466
431,00102425
431,00102919
431,00102202
431,00103056
431,00103137
431,00101528
431,00104740
431,00100807
431,00105101
431,00103653
431,00103699
431,00102133
431,00101399
431,00102939
431,00101911
431,00105257
431,00103822
431,00101874
431,00102263
431,00104448
431,00100411
432,00103699
432,00102119
432,00103557
432,00102899
432,00101528
432,00104448
432,00104169
432,00102967
432,00104964
432,00102919
433,00102037
433,00100374
433,00103905
433,00102079
433,00102602
433,00103354
433,00103557
433,00102447
433,00101091
433,00103748
433,00102425
433,00102919
433,00103018
433,00103137
433,00104740
433,00102205
433,00101591
433,00104283
433,00102133
433,00101911
433,00100682
433,00104448
433,00104912
434,00100530
434,00102281
434,00103297
434,00103905
434,00102079
434,00102602
434,00103557
434,00100919
434,00103748
434,00103466
434,00104648
434,00102405
434,00103056
434,00102202
434,00102819
434,00100864
434,00103018
434,00102205
434,00104740
434,00101231
434,00102133
434,00103653
434,00101911
434,00103822
434,00101874
434,00103013
434,00105182
434,00105126
434,00100411
434,00102289
435,00104169
435,00100304
435,00101133
435,00103748
435,00100456
435,00100162
435,00100864
435,00101511
435,00103018
435,00104544
435,00100773
435,00105249
435,00101231
435,00101399
435,00103653
435,00103835
435,00103822
435,00101874
435,00102263
436,00103699
436,00100820
436,00102276
436,00101911
436,00101133
436,00102570
436,00101091
436,00102281
436,00103466
436,00100386
436,00105126
436,00105249
436,00101255
436,00102594
436,00103904
436,00102289
437,00100742
437,00100673
437,00103092
437,00102829
437,00102137
437,00102452
437,00103297
437,00100949
437,00105009
437,00102205
437,00104448
437,00103904
437,00104283
437,00104866
437,00102180
438,00102403
438,00102594
438,00102079
438,00102119
438,00102602
438,00100742
438,00102678
438,00104691
438,00104302
438,00103439
438,00100456
438,00103436
438,00104764
438,00102425
438,00103298
438,00102919
438,00104178
438,00103283
438,00104544
438,00100807
438,00104283
438,00103699
438,00102939
438,00105126
438,00102276
438,00104912
439,00102403
439,00103297
439,00102718
439,00102119
439,00103354
439,00104302
439,00103439
439,00104019
439,00103436
439,00102405
439,00100946
439,00103056
439,00102566
439,00103137
439,00101231
439,00103653
439,00103564
439,00102939
439,00101975
439,00102085
439,00103013
439,00102950
439,00101855
439,00102289
440,00100689
440,00102089
440,00103913
440,00103297
440,00104416
440,00101133
440,00100456
440,00105092
440,00102405
440,00102136
440,00104178
440,00100864
440,00102202
440,00102566
440,00104100
440,00102542
440,00101231
440,00101399
440,00103699
440,00103653
440,00103564
440,00101874
440,00101663
441,00103699
441,00102580
441,00104691
441,00103114
441,00101663
441,00102205
441,00100386
441,00100034
441,00100789
441,00102289
441,00100304
441,00103564
442,00102281
442,00102594
442,00102953
442,00100304
442,00102119
442,00102602
442,00101133
442,00104691
442,00103557
442,00101091
442,00103466
442,00100555
442,00100649
442,00104648
442,00104764
442,00104965
442,00103407
442,00104178
442,00104494
442,00100673
442,00104100
442,00103018
442,00102770
442,00102205
442,00100785
442,00105249
442,00101946
442,00100095
442,00100030
442,00100328
442,00101399
442,00102180
442,00103564
442,00100682
442,00101021
442,00105182
442,00105126
442,00100105
442,00102522
442,00100917
442,00104912
443,00100689
443,00103840
443,00102384
443,00100272
443,00105243
443,00103439
443,00100555
443,00102987
443,00104964
443,00100162
443,00102919
443,00103407
443,00101341
443,00100673
443,00104554
443,00101528
443,00101946
443,00100328
443,00103653
443,00100010
444,00100689
444,00101122
444,00102744
444,00102580
444,00100653
444,00105257
444,00100010
444,00100386
444,00104169
445,00104773
445,00102819
445,00102384
445,00100303
445,00103297
445,00103466
445,00103114
445,00103737
445,00100785
445,00105092
445,00105009
445,00102133
446,00100689
446,00100820
446,00100530
446,00102370
446,00101255
446,00103557
446,00104239
446,00103419
446,00100946
446,00100673
446,00102205
446,00105009
446,00103116
446,00105101
446,00102585
446,00104744
446,00100010
446,00103193
446,00105126
446,00100411
447,00100653
447,00100181
447,00103978
447,00100034
447,00101133
447,00103557
447,00104113
447,00102405
447,00102425
447,00100610
447,00101466
447,00104100
447,00103137
447,00102108
447,00104740
447,00100095
447,00105101
447,00102187
447,00101021
447,00101874
447,00103784
447,00102289
447,00105177
448,00102187
448,00102158
448,00102136
448,00103018
449,00102119
449,00101122
449,00104773
449,00104277
449,00102383
450,00102859
450,00103298
450,00101911
450,00105257
451,00102744
451,00101133
451,00104019
451,00104134
451,00102771
451,00104448
452,00100555
452,00102771
452,00103360
452,00105092
453,00100140
453,00100742
453,00102447
453,00102085
453,00102950
453,00102770
453,00101831
454,00102037
454,00101975
454,00100914
454,00102276
454,00102425
454,00101936
455,00100735
455,00101194
455,00102158
455,00104394
455,00104696
455,00105250
455,00102512
455,00101396
455,00104410
455,00101198
455,00104595
455,00100771
455,00105051
455,00104612
455,00100561
455,00101479
455,00104674
455,00102929
455,00104945
455,00103927
455,00102766
455,00104112
455,00102580
455,00101329
455,00103003
455,00103773
455,00102797
455,00103851
456,00103479
456,00103523
456,00104394
456,00105250
456,00101396
456,00103952
456,00104697
456,00101012
456,00101198
456,00104595
456,00100771
456,00103679
456,00105051
456,00100225
456,00101479
456,00104674
456,00102929
456,00103927
456,00100788
456,00102580
456,00101304
456,00103003
456,00102797
456,00103851
457,00100735
457,00101194
457,00102158
457,00104001
457,00104394
457,00102512
457,00100307
457,00101396
457,00104410
457,00103952
457,00104933
457,00101198
457,00100841
457,00102266
457,00100225
457,00100561
457,00101466
457,00101283
457,00103927
457,00104945
457,00101189
457,00102790
457,00102766
457,00104112
457,00102939
457,00101304
457,00101329
457,00103118
458,00104278
458,00101012
458,00103552
458,00104394
458,00100841
458,00103679
458,00102799
458,00101652
458,00105051
458,00100225
458,00102766
458,00101199
458,00100788
459,00104278
459,00104587
459,00104001
459,00103523
459,00102512
459,00100307
459,00101396
459,00101026
459,00102266
459,00100179
459,00101466
459,00104244
459,00102082
459,00101283
459,00102790
459,00103188
459,00102766
459,00101199
459,00104112
459,00104450
459,00102939
459,00101304
459,00104186
459,00101694
459,00102517
460,00104933
460,00103258
460,00100527
460,00101046
460,00102929
460,00100225
460,00103188
460,00102799
460,00104335
460,00100788
461,00101432
461,00102158
461,00103479
461,00104587
461,00104001
461,00100653
461,00103648
461,00103523
461,00105250
461,00104410
461,00102280
461,00104700
461,00103552
461,00105051
461,00100561
461,00100179
461,00103711
461,00101226
461,00104346
461,00101283
461,00102790
461,00103188
461,00102766
461,00104825
461,00104232
461,00104186
461,00103003
461,00103118
461,00100687
461,00100822
462,00103851
462,00104587
462,00102898
462,00104394
462,00100771
462,00100982
462,00104945
462,00101055
462,00103381
462,00102799
462,00100561
462,00104612
462,00100822
462,00101319
463,00103479
463,00102752
463,00100609
463,00104700
463,00102280
463,00101283
463,00104418
463,00104945
463,00105250
464,00102752
464,00102170
464,00104201
464,00104418
464,00102790
464,00103003
464,00101189
464,00104945
464,00100225
464,00101616
464,00100277
464,00100788
466,00102752
466,00104587
466,00100653
466,00101555
466,00103648
466,00102292
466,00104394
466,00102784
466,00103135
466,00101396
466,00101449
466,00104937
466,00103522
466,00101012
466,00101198
466,00100771
466,00104739
466,00101260
466,00101226
466,00101283
466,00103927
466,00101475
466,00101304
466,00101335
466,00104232
466,00103003
466,00103380
466,00103118
466,00100687
466,00103773
466,00103851
467,00100735
467,00103522
467,00104521
467,00104674
467,00102929
467,00101386
467,00100307
467,00102370
467,00101283
467,00103927
467,00104740
467,00101189
467,00103188
467,00102799
467,00102223
467,00104405
467,00103135
467,00101319
468,00101553
468,00104521
468,00105205
468,00103648
468,00103927
468,00104945
468,00104410
469,00103522
469,00101459
469,00102752
469,00104521
469,00104595
469,00104453
469,00103927
469,00104186
469,00104945
469,00105198
470,00103522
470,00101885
470,00101012
470,00104405
470,00102266
470,00102799
470,00102766
470,00100582
470,00101478
471,00102929
471,00101466
471,00100803
472,00101885
472,00103552
473,00102223
473,00100582
474,00102037
474,00100525
474,00103539
474,00100704
474,00104194
474,00104503
474,00102290
474,00101851
474,00101715
474,00104297
474,00105185
474,00100163
474,00100241
474,00104623
474,00101522
474,00101936
474,00102111
474,00103146
474,00103153
474,00103503
475,00101715
475,00104297
475,00103890
475,00100525
475,00101061
475,00104897
475,00102111
475,00104194
475,00100704
475,00102290
475,00101851
475,00103265
475,00100396
475,00103382
475,00100241
475,00104623
475,00101522
476,00102037
476,00103539
476,00102290
476,00101851
476,00102163
476,00101715
476,00102204
476,00105185
476,00104592
476,00100163
476,00104749
476,00101061
476,00104233
476,00104623
476,00102318
476,00102111
476,00103146
476,00103153
476,00104219
477,00101715
477,00103890
477,00102318
477,00100525
477,00100296
477,00101372
477,00100825
477,00101522
478,00104407
478,00101901
478,00104822
478,00104194
478,00102290
478,00101851
478,00100812
478,00103905
478,00104592
478,00101100
478,00101061
478,00100396
478,00104623
478,00105012
478,00101522
478,00102318
478,00103146
478,00100825
478,00105044
478,00101936
479,00103890
479,00102202
479,00101372
479,00104194
479,00104743
479,00104503
479,00102052
479,00100396
479,00102079
479,00101936
480,00103303
480,00101509
480,00100376
480,00102202
480,00104897
480,00103539
480,00104743
480,00104592
480,00102290
480,00100163
480,00100241
480,00101320
481,00101715
481,00101849
481,00100719
481,00101475
481,00103572
481,00101901
481,00101372
481,00100704
481,00104743
481,00100825
481,00102290
481,00105044
481,00102777
481,00104623
481,00105012
481,00104219
481,00101916
482,00100527
482,00100849
482,00105085
482,00102384
482,00100914
482,00104734
482,00104768
482,00105173
482,00104616
482,00104342
482,00103663
482,00103646
482,00103610
482,00101412
482,00103654
482,00100558
482,00102944
482,00101216
482,00104274
482,00101891
482,00104714
482,00103193
482,00104698
482,00102256
482,00100382
482,00103609
483,00100849
483,00100342
483,00102944
483,00101891
483,00101216
483,00104698
483,00103193
483,00104078
483,00100973
483,00101411
483,00103609
484,00102384
484,00103582
484,00104033
484,00105173
484,00104342
484,00101859
484,00103663
484,00105194
484,00103646
484,00103610
484,00101412
484,00105074
484,00104415
484,00101835
484,00104274
484,00101891
484,00104714
484,00100415
484,00103193
484,00104078
484,00104698
484,00100382
485,00101194
485,00101994
485,00103582
485,00100032
485,00101460
485,00104734
485,00101599
485,00104768
485,00105173
485,00101403
485,00100233
485,00104342
485,00103646
485,00102122
485,00103654
485,00100558
485,00103181
485,00104415
485,00100342
485,00101835
485,00101891
485,00100415
485,00104698
485,00102256
485,00101017
485,00103609
486,00101994
486,00105085
486,00102384
486,00101960
486,00100914
486,00104033
486,00104647
486,00104049
486,00101403
486,00101110
486,00103646
486,00102122
486,00105195
486,00101412
486,00102944
486,00100343
486,00102155
486,00104274
486,00101891
486,00101663
486,00104698
486,00104078
486,00103413
486,00103609
487,00100148
487,00100342
487,00101994
487,00101891
487,00105173
487,00100914
487,00100451
487,00103571
487,00102947
487,00103181
487,00104714
487,00104698
487,00103098
487,00103865
487,00101411
487,00104049
487,00103646
488,00100527
488,00105085
488,00103582
488,00104191
488,00101460
488,00101599
488,00104177
488,00105173
488,00101712
488,00100233
488,00101600
488,00103663
488,00103851
488,00102122
488,00101412
488,00102680
488,00103654
488,00100558
488,00102202
488,00100343
488,00100451
488,00101216
488,00104101
488,00103048
488,00101917
488,00100802
488,00100104
488,00100342
488,00103193
488,00104078
488,00103413
488,00104151
488,00101663
489,00101917
489,00102796
489,00100527
489,00102202
489,00101994
489,00102384
489,00100558
489,00105020
489,00102388
489,00103054
489,00101712
489,00104101
489,00101299
489,00100615
489,00103609
491,00101991
491,00100477
491,00100104
491,00100647
491,00104616
491,00104714
491,00103181
491,00103223
491,00102256
491,00100615
491,00103663
492,00102796
492,00101476
492,00100148
492,00101400
492,00104537
492,00100032
492,00100615
492,00101113
492,00104768
492,00104616
492,00101412
492,00102680
492,00100537
492,00102947
492,00104814
492,00103098
492,00100964
492,00101835
492,00104714
492,00104151
493,00100964
493,00100429
493,00103582
493,00103223
493,00104191
493,00101094
494,00100527
494,00102388
494,00101503
494,00101110
494,00101460
494,00100036
495,00102796
495,00102361
495,00103603
495,00100032
495,00101916
495,00104139
495,00100429
495,00101712
495,00101600
495,00103223
495,00104223
495,00101991
495,00102122
495,00102680
495,00101216
495,00104814
495,00102155
495,00104584
495,00104355
496,00100148
496,00100527
496,00105085
496,00102547
496,00104134
496,00104714
496,00105074
496,00104033
496,00101063
496,00104662
496,00104049
497,00101063
497,00103632
497,00101663
498,00100537
498,00103181
498,00103571
498,00101230
499,00101299
500,00105020
500,00104734
501,00101567
501,00104177
501,00103828
501,00100879
501,00100442
501,00104054
501,00103251
501,00100564
501,00103800
502,00100879
502,00103251
502,00101131
502,00100887
502,00100564
502,00102799
502,00100331
502,00103828
502,00104177
502,00103439
502,00104756
502,00100360
502,00100414
502,00101815
502,00101973
502,00100269
502,00101673
502,00103407
502,00104054
502,00100442
502,00101168
502,00102242
502,00102528
502,00102218
502,00103800
502,00104203
502,00101567
502,00102440
502,00105210
502,00101373
502,00102932
503,00101567
503,00104826
503,00101017
503,00102440
503,00104054
503,00104177
503,00101168
503,00103947
503,00103800
504,00100879
504,00102799
504,00100615
504,00102854
504,00100164
504,00104177
504,00104756
504,00101815
504,00101973
504,00100269
504,00103407
504,00102789
504,00104054
504,00100442
504,00102242
504,00102218
504,00103800
504,00102133
504,00103180
504,00105210
504,00103548
504,00102121
504,00101934
505,00100164
505,00100061
505,00103439
505,00104756
505,00102121
505,00103537
505,00100414
505,00103800
505,00103918
506,00100331
506,00100564
506,00101017
506,00103828
506,00100442
506,00103180
506,00101373
506,00102749
506,00103030
506,00101677
506,00102121
506,00100641
506,00100089
506,00100414
506,00103800
506,00100615
506,00104409
507,00104177
508,00100887
509,00100089
509,00102799
510,00101830
510,00100360
510,00104203
512,00103590
512,00101168
512,00100414
513,00104594
513,00101973
513,00100615
514,00103407
514,00103828
514,00103572
514,00101168
514,00101017
514,00103590
514,00101084
